sequences,label
RRWWRRWRRW,0
GWKSVFRKAKKVGKTVGGLALDHYLG,0
ALWKTMLKKLGTMALHAGKAALGAAADTISQGTQ,1
GLFDVIKKVAAVIGGL,1
VAKLLAKLAKKVL,1
IIGHLIKTALGFLGL,0
FLPLLASLFSRLL,1
WFKKIPKFLHLAKKF,1
ATCDLLSKWNWNHTACAGHCIAKGFKGGYCNDKAVCVCRN,1
NIPQLTPTP,0
RGKRWWRRKK,0
FFPLIAGLAANFLPQILCKIARKC,0
GLFSVVTGVLKAVGKNVAGSLLEQLKCKISGGC,0
FAKLLFKALKKAL,1
VYINKLTPPCGTMYYACEAV,1
FLGALIKGAIHGGRFIHGMIQNHH,1
ERRP,1
TTPLCVGVIIGLTTSIKICK,0
CYTQYRKCQELTA,1
NLVSGLIEARKYLEQLHRKLKNCKV,0
KLALKLALKALKAAKLA,1
LMMLILAMNRKDKKKEKK,1
KWKLFKKIPLKKF,1
GMWSKLLGHLLR,1
AWKKWAKAWKWAKAKWWAKAA,1
KKKSGVIPTVSHDCHMNSFQFVFTCCS,0
LKCNKLVPLFYKTCPAGKNL,1
TFRAFLSSRLQDLYSIVRRADRAAV,1
FDIVKKIAGHIVSSI,1
EVWRLAEFLAMPP,1
FLPIVTNLLSGLL,1
FFGHLFKLATKIIPSLFQ,1
PRAWEYWLRLME,1
RKCLRWQWAMRKYGG,0
LIGSLFRGAKAIFRGARQGWRSHKAVSRYRARYVRRPVIYYHRVYP,0
FGLPMLSILPKALCILLKRKC,1
KYKKALKKLAKLL,1
YAIDTILLEIKNINAD,1
KWKSFKKKLTSKFLHSAKKF,0
DHYNCVRSGGQCLYSACPIYTRIQGTCYHGKAKCCK,0
FLSGIVGMLGKLFGK,0
KWKLFKKIPKFLH,1
FLGALFKVASKVLPSVKCAITKKC,1
SIGTAVKKAVPIAKKVGKVAIPIAKAVLSVVGQLVG,0
KWKSFLKTFKSLKKTVLHTLLKLISS,1
HGPDSCNHDRGLCRVGNCNPGEYLAKYCFEPVILCCKPLSPTPTKT,0
GDACGETCFTGICFTAGCSCNPWPTCTRN,1
RLKLLLRLK,0
CIPMAWAVSWPHP,1
ILSAIWSGIKGLL,0
KWKLFKKIPHLAKKF,1
GAARKSIRLHRLYTWKATIYTR,1
KLLKLLLKLYKKLLKLL,1
KSTCKAESNTFPGLCITKPPCRKACLSEKFTDGKCSKILRRCICYKPC,0
GLFDVIKKVASVIKGL,1
FITLLLRKFICSITKKC,1
FFPIVGKRLYGLL,0
FALAKLAKKAKAKLKKALKAL,1
GLMSTLKGAATNVAVTLLNKLQCKLTGTC,0
FLPLIGKILGTIL,1
GLLGPLLKIAAKVGSNLL,1
GVLDILKGAAKDLAGH,0
AIHRALISKRMEGHCEAECLTFEVKIGGCRAELAPFCCKNRKKH,0
LLGDFKRIVQRIKDF,1
ASGWVCTLTIECGTVICAC,0
KWKLFKKIPKFLHSAKKF,1
LLPIVGNLLNSLL,0
ESDTVTCRKMKGKCSFLLCPFFKRSSGTCYNGLAKCCRPFW,0
FLPLLAGVVANFLPQIICKIARKC,0
AIGSILGALAKGLPTLISWIKNR,1
FVPYNPPRPGQSKPFPSFPGHGPFNPKIQWPYPLPNPGH,0
LFGFLIKLIPSLFGALSNIGRNRNQ,0
KKCRERGGQCHSGVCSWNEKFIGFCSFARPCC,0
FAKLLAKLAKKEL,1
MTPFWRGVSLRPIGASCRDDSECITRLCKKRRCSLSVAQE,0
IDWKKVDWKKVSKKTCKVMLKACKFL,0
ECRRLCYKQRCVTYCRGR,1
TCGTCCTGAGGAGAGAGAGC,1
WKKIASIGKEVLKAL,0
ALWKTLLKGAGKVFGHVAKQFLGSQGQPES,0
GLPVCGETCFTGTCYTNGCTCDPWPVCTRN,1
IAPIIVAGLGYLVKDAWDHSDQIISGFKKGWNGGRRK,0
RVCMAIPLPLCH,0
MLMACYSAGQLGCLVFCNEAEYSYGKCIGRGRCCCYDL,0
GILKKFMLHRGTKVYKMRTLSKRSH,0
GFWGSLWEGVKSVV,0
EQPGGDKVNLGYFTN,0
QAFKTFTPDWNKIRNDAKRMQDNLEQMKKRFNLNL,0
FKCARWQWRMKKLGA,0
GFGSLLGKALRLGANVL,1
GLVDVLGKVGGLIKKLLPG,0
CHHALTHAC,1
RKGWFKAMKSIAKFIAKEKLKEHL,1
LKWLLKWLK,0
GPGKWLPWLQPAYDFVTGLAKGIGKEGNKNKWKNV,0
LRDLVCYCRKRGCKGRERMNGTCRKGHLLYTMCCR,0
FIFHIIKGLFHAGKMI,1
FLPIVTNLLSGLLGK,0
GLLSVLGSVAQHVLPHVVPVIAEHL,1
GIPCGESCVFIPCITAAIGCSCKSKVCYRN,1
ALFSILRGLKKLGKMGQAFVNCEIYKKC,0
GLFDIIKKIAESI,1
PAWFKARRWAWRMLKKAA,1
GWLRKLGKKIERIGQHTRDASIQVLGIAQQAANVAATAR,0
GKWMSFLKHILK,1
MPCSCKKYCDPWEVIDGSCGLFNSKYICCREK,0
GLWKSLLKNVGKAAGKAALNAVTDMVNQA,0
GWLKKLGKRIERIGQHTRDATIQGLGIAQQAANVAATAR,0
FLPMLAGLAANFLPKIVCKITKKC,0
GRENYHGCTTHWGFTLC,1
FKKLKKIANIINSIFKK,1
GCTQWINNIHGRICVRN,0
GFGCPNDYPCHRHCKSIPGRAGGYCGGAHRLRCTCYR,1
SFPFFPPGICKRLKRC,0
WNPFKELEKVGQRVRDAVISAGPAVATVAQATALAK,0
GLFTLIKGAYKLDAPTVACN,0
LLGDFFRKAREKIGEEFKRIVQRIKDFLRNLVPRTES,0
LKLKSIVSWAKKVL,1
LRVRLASHLRKLRKRLLRDADDLQKRLAVY,1
GLFAVIKKVAKVIKKL,1
APGNKAECEREKGYCGFLKCSFPFVVSGKCSRFFFCCKNIW,1
APVPFSCTRGCLTHLV,0
FLPLAVSLAANFLPKLFCKITKKC,1
LRDLVCYCRARGCKGRERMNGTCSKGHLLYMLCC,0
AHCLAIGRK,0
GWLKKIGKKIERVGQHTRDATIQTIAVAQQAANVAATAR,0
KWKLFKKIPLAKKF,1
GETFDKLKEKLKTFYQKLVEKAEDLKGDLKAKLS,1
DLPECCSATELELDSGKQTS,0
SVLGTVKDLLIGAGKSAAQSVLTTLSCKLSNSC,0
GLRSKIWLWVLLMIWQESNKFKKM,0
CHHNLTAAC,1
KKKKKEGKKQ,1
KWKSFIKKLTSAAKKVVTTAKPLISS,0
ILGPVLGLVSNALGGLIKKI,0
QKECIGPCDMFTDCQAACVGIRKGYNYGQCVAWKPKDDDPFTCCCYKLTP,0
ILRWPWWPWRRK,1
KTCENLANTYRGPCFTTGSCDDHCKNKEHLRSGRCRDDFRCWCTRNC,0
SGFVLKGYTKTSQ,0
ACIKNGGRCVASGGPPYCCSNYCLQIAGQSYGVCKKH,1
RQVFQVAYIIIKA,1
KVHGSLARAGK,0
PAWFKARRWAWRMKKLAA,1
AKIPIKAIKTVGKAVGKGLRAINIASTANDVFNFLKPKKRKA,1
FAGLAANFLPTIICKISYKC,1
EPNPDEFFGLM,1
GLLSSLSSVA,0
ACDCRGDCFCGGGGIVRRADRAAVP,1
RRCICTTRTCRFPYRRLGTCIFQNRVYTFCC,0
LTFEHYWAQLTS,1
SHQDCYEALHKCMASHSKPFSCSMKFHMCLQQQ,0
KAQIRAMECNIL,1
GLLQTIKEKLESLESLAKGIVSGIQA,1
YENPYGCPTDEGKCFDRCNDSEFEGGYCGGSYRATCVCYRT,0
GSKKPVPIIYCNRRTGKCQR,0
RKFHEKHHSHRGYRSNYLYDN,0
GIGAAILSAGKSALKGLAKGLAEHF,0
GVIPCGESCVFIPCISSVLGCSCKNKVCYRD,1
VAKALKALLKALKAL,1
QRFSQPTFKLPQGRLTLSRKF,0
SVLGKSVAKHLPHVVPVIAEKT,0
CVKCKCKCGSGVKVKVKVC,0
FLFRVASKVFPALIGKFKKK,1
GIIDIAKKLVGGIRNVLGI,0
RVCRRRSAGFKGVCMSDHNCAQVCLQEGYGGGNCDGIMRQCKCIRQC,0
FVQWFSKFLGRIL,1
DPVTYIRNGGICQYRCIGLRHKIGTCGSPFKCCK,1
FLPILGKLLSGIL,1
RLFDKIRQVIRKF,1
SVSCLRNKGVCMPGKCAPKMKQIGTCGMPQVKCCKRK,0
GLLSFLPKVIGVIGHLIHPPS,0
ATCDLLSGTGINHSACAAHCLLRGNRGGYCNGKAVCVCRN,1
ARIQESTNDILKPITCNTNADCAKFCKGPIHNCVYHTCQCVPGNPHCC,0
FAKLLAKLAKKGL,1
FVGAALKVLANVLPPVISWIKQ,0
GSSSGRGDSPA,1
FALALKLAKKAL,1
IGKEFKRIVQRIKDFLRNLVPRTES,1
GLFDVIKKVASVIKKL,1
DQYRCLQNGGFCLRSSCPSHTKLQGTCKPDKPNCCRS,0
KWKSFLKTFKSAKKTVLHTALKAISS,1
SMLSVLKNLGKVGLGLVACKINKQC,0
FAKKLKKLAKLAKKL,1
FALKALKKLKKALKKAL,1
FAKKLAKLAKKLAKLAL,1
QTCASRCPRPCNAGLCCSIYGYCGSGNAYCGAGNCRCQCRG,0
KPWERL,0
KILRGVAKKIMRTFLRRISKDILTGKK,1
AKKVFKRLEKLFSKIFNFK,0
TLYRRFLCKKMKGRCETACLSFEKKIGTCRADLTPLCCKEKKKH,0
GLFDKLKSLVSDF,1
RWKIFKKIEKMGRNIRDGIVKAGPAIEVLGSAKAIGK,1
GIGDPVTCLKSGAICHPVFCPRRYKQIGTCGLPGTK,1
FCTMIPIPRCY,1
GIFSTVFKAGKGIVCGLTGLC,0
KWLKKLLKKLL,0
RCRFCCRCCPRMRGCGICCRF,0
ATCDILSFQSQWVTPNHAGCALHCVIKGYKGGQCKITVCHCRR,0
GLMDTIKGVAKTVAASWLDKLKCKITGC,1
GVFTFEDESTSTVAPAKLYK,0
GLFDIIKKVASVVGGL,1
LLDVLLE,0
VNWKKILPKIIKVVK,1
VNWKKILGKIKKVVK,1
GILSTIKDFAIKAGKGAAKGLLEMASCKLSGQC,0
QDRPKKPGLCPPRPQKPCVKECKNDWSCPGQQKCCNYGCIDECRDPIFVN,0
TNYGNGVGVPDAIMAGIIKLIFIFNIRQGYNFGKKAT,0
GLFAVIKKVASVIGGL,1
ELPKLPDDKVLIRSRSNCPKGKVWNGFDCKSPFAFS,1
KAAKKAWKAWKKAAKAAWKKAA,1
GLWNSIKIAGKKLFVNVLDKIRSKVAGGS,0
FAKKLAKLAKKL,1
QGVRNRLSCHRNKGVCVPSRCPRHMRQIGTCRGPPVKCCRKK,0
ACQFWSCNSSCISRGYRQGYCWGIQYKYCQCQ,0
PAWRKAFRWAWRMKKLAA,1
RYLGYL,1
VALALKALKKL,1
GLFAVIKKVASVIKGL,1
ATCDALSFSSKWLTVNHSACAIHCLTKGYKGGRCVNTICNCRN,0
FKTWKRPPFQTSCSGIIKE,0
NHFTLKCPKTALTEPPTLAY,1
TTPVCAVAATAAASSAACGWVGGGIFTGVTVVVSLKHC,0
FLPIAGKLLSGLSGLL,0
GKWMTLLKHILK,1
RLKRMTPFWRGVSLRPVGASCRDNSECITMLCRKNRCFLRTASE,0
GVFTLIKGATQLIGKTLGKELGKTGLELMACKITEQC,0
GIPCGESCVWIPCISSAIGCSCKSKVCYRN,1
FLPLIASLAANFVPKIFCKITKKC,0
FAKIIAKIAKIAKKIL,1
KGIGSALKKGGKIIKGGLGALGAIGTGQQVYEHVQNRQ,0
GVFLDALKKFAKGGMNAVLNPK,0
KVKVKVKVPPTKVKVKVK,1
HEPCGESCVFIPCITTVVGCSCKNKVCYN,0
GLPVCGETCAGGTCNTPGCSCSWPICTRN,1
GSIPCGESCVFIPCISSVIGCACKSKVCYKN,1
PGMGIYLPM,1
GSIPCGESCVFIPCISAVIGCSCSNKVCYKN,1
MAADIISTIGDLVKLIINTVKKFQK,0
RQRDPQQQYEQCQKHCQRRETEPRHMQTCQQRCERRYEKEKRKQQKR,0
AGCIKNGGRCNASAGPPYCCSSYCFQIAGQSYGVCKNR,1
FAKKLAKLAKKLAKAL,1
FAKKLAKKLAKLAL,1
FLPLLLAGLPLKLCFLFKKC,1
GVLDTFKDVAIGVAKGAGTGVLKALLCKLDKSC,0
GFGCPNNYACHQHCKSIRGYCGGYCAGWFRLRCTCYRCG,1
DNGEAGRAAR,0
KSCCRNTWARNCYNVCRLPGTISREICAKKCDCKIISGTTCPSDYPK,1
GLLGAMFKVASKVLPHVVPAITEHF,0
FALLKL,1
RLVSYNGIIFFLK,1
GFGCPFNQGACHRHCRSIRRRGGYCAGLFKQTCTCYR,1
GKWMSLLKKILK,1
NCIQQCVSKGAQGGYCTNEKCTCY,0
KWCFRVCYRGICYRKCR,0
KILRGVAKKIMRTFLRRISKKILTGKK,1
GEFLKCGESCVQGECYTPGCSCDWPICKKN,1
KWKLFKKIGIGAVLKVLTTG,1
ASSSYPLIHWRPWAR,1
KAFDITYVRLKF,1
GRRRSVQWCAVSQPEATKCFQWQRNMRKVRGPPVSCIKRDSPIQCIQA,0
GGLKKFGKKLEGVGKRVFKASEKALPVVTGFKAL,0
GYGCPFNQYQCHSHCRGIRGYKGGYCTGRFKQTCKCY,0
VALALKALKKALKKLKKALKKAL,1
SIVPIRCRSNRDCRRFCGFRGGRCTYARQCLCGY,0
RQRDPQQQYEQCQKHCQRRETEPRHMQTCQQRCERRYEKEKRKQQ,0
KAKLF,1
FDIVKKVVGTIAGL,1
GLLKRIKTLL,0
HGVSGHGQHGVHG,1
ALWKNMLSGIGKLAGQAALGAVKTLV,0
FLSLIPKLVKKIIKAFK,1
NIWKKIASIAKEVLKAL,0
KQLIRFLKRLDRNGGGKLLLKLLKKLLKLLKKK,1
FTMKKSLLFIFFLGTISLSLC,0
QQCGRQAGNRRCANNLCCSQYGYCGRTNEYCCTSQGCQSQCRRCG,0
ALLHHGLNCAKGVLA,0
LIAHNQVRQV,1
EFTNVSCTTSKECWSVCQRLHNTSRGKCMNKKCRCYS,1
FFGHLFRGIINVGKHIHGLLSG,0
KWKLFKKGIGAVLKV,0
FVDLKKIANIINSIF,1
GLLDSLKGFAATAGKGVLQSLLSTASCKLAKTC,0
KFKKLAKKW,1
FAKLFAKLAKKFAL,1
GATAIKQVKKLFKKWGW,0
GIGSAILSAGKSALKGLAKGLAEHFAN,0
GVPICGETCTLGTCYTAGCSCSWPVCTRN,1
FLPPSPWKETFRTS,1
GMASKAGAIAGKIAKVALKAL,0
AIKLVQSPNGNFAASFVLDGTKWIFKSKYYDSSKGYWVGIYEVWDRK,1
RVCSAIPLPICH,0
CAGAGTGGGAGAGGCAAGAC,1
FLPIIASVAAKVFSKIFCAISKKC,1
GLFDIVKKVVGAIGSL,1
IGPDTKKCVQRKNACHYFECPWLYYSVGTCYKGKGKCCQKRY,0
FNRGGYNFGKSVRHVVDAIGSVAGIRGILKSIR,0
GIFSLVKGAAKLAGKGLAKEGGKFGLELIACKIAKQC,0
GSPIQCAETCFIGKCYTEELGCTCTAFLCMKN,0
RISFKKGKGSWIKNGLIKGIKGLGKEISLDVIRTGIDIAGCKIKGEC,0
GADFQECMKEHSQKQHQHQG,1
DDDQVEVQQEVKRGFLSTVKNLATNVAGTVIDTLKCKVTGGCRT,0
HICHDYLEGDHCDPKDCNLDCRDKWKGTGTCEPPTGTPLTRTCYCTYDC,0
KLKNFAIGVAQSLLNKASCKLSGQC,1
ENFFKEIERAGQRIRDAIISAAPAVETLAQAQKIIKGGD,1
GILLDKLKNFAKTAGKGVLQSLLNTASCKLSGQC,0
ATYYGNGLYCNKEKCWVDWNQAKGEIGKIIVNGWVNHGPWAPRR,1
RKFHEKHHSHRGYR,0
SIITMTKEAKLPQLWKQIACRLYNTC,0
FMPILSCSRFKRC,1
GLLSVLGSVAKHVLPHVVPVIAEHL,1
GIKCRFCCGCCTPGICGVCCRF,1
RRARIVVIRVAR,0
EPILGIITSLLKSL,0
KIKWFKTMKSIAKFIAKEQMKKHLGGE,0
GLAGAISSALDKLKQSQLIKNYAKKLGYPR,0
KWKLFKKIGIGKFLHSATTF,1
KWKSFINKLTSKFLHSAKKF,0
KAYARIGNSYFK,1
ATCDLLSGFGVGDSACAAHCIARRNRGGYCNAKTVCVC,0
DLDVNVFNR,0
VAKKLAKLAKKLAKLALAL,1
GIMDTVKNAAKDLAGQLLDKLKCKITAC,0
INWKKIKSIIKAAMN,0
PGLGFY,1
PRFWEYWLRAME,1
GKWMKLLKHILK,1
FIGAILPAIAGLVGGLINR,0
DYHHGVRVL,0
ILGAILPLVSGLLSNKL,0
ESVFSKIGNAVGPAAYWILKGLGNMSDVNQADRINRKKH,1
GLFDVIKKVASVIGLASP,0
QPWLPFR,0
GRFRRLRKKTRKRLKKIGKV,0
GFMKYIGPLIPHAVKAISDLI,1
AVNIPFKVKFRCKAAFC,0
DEVD,1
CIKNGNGCQPNGSQGNCCSGYCHKQPGWVAGYCRRK,0
GWRTLLKKAEVKTVGKLALKHYL,1
GLFDIVKKIAGHIA,1
INTWNTTATSTSIIISETFGNKGKVCTYTVECVNNCRG,0
GGTIFDCGETCFLGTCYTPGCSCGNYGFCYGTN,0
WFYQGMNIAIYANIGGVANIIGYTEAAVATLLGAVVAVAPVVP,0
RYHMQCGYRGTFCTPGKCPHGNAYLGLCRPKYSCCRWL,0
GIFSKISGKAIKNLFIKGAKNVGKEVGIDVVRTGMDVVGCKIKGEC,0
LLGRCKVKSNRFNGPCLTDTHCSTVCRGEGYKGGDCHGLRRRCMCLC,0
ETWRTEAPSATGQASSLLGGRLLGQ,1
ALLDKLKSLGKVVGKVAIGVAQHYLNPQ,0
KWFKKIPKFLHLLKKF,1
FAKLLAKLAKKL,1
KKSYPEYGSLDLRKECKMRRGHCKLQCSEKELRISFCIRPGTHCCM,0
FIKELLPHLSGIIDSVANAIK,0
FFSLIPSLIGGLVFAIK,0
DFASCHTNGGICLPNRCPGHMIQIGICFRPRVKCCRSW,1
ALWMTLLKKVLKAAAKALNAVLVGANA,1
AKCIKNGKGCREDQGPPFCCSGFCYRQVGWARGYCKNR,1
RLARRVVIRVAR,0
FALALKALKKLLKKLKKLAKKAL,1
ADRGWIKTLTKDCPNVISSICAGTIITACKNCA,1
GSIPCEGSCVFIPCISAIIGCSCSNKVCYKN,1
FTMKKSLLLIFFLGTISLSLCEQER,0
GRLKKLGKKIEGAGKRVFKAAEKALPVVAGVKALG,0
GIFPKIIGKGIVNGIKSLAKGVGMKVFKAGLNNIGNTGCNNRDEC,0
GLLKPLLKIAAKVGSNLL,0
RPRCWIKIKFRCKSLKF,0
VQLRIRVRVIRK,0
AQCGAQGGGATCPGGLCCSQWGWCGSTPKYCGAGCQSNCK,1
INMKASAAVAKKLL,0
FLPIIGKLLSGLL,1
GLLSGLKKVGKHVAKNVAVSLMDSLKCKISGDC,0
AICKKPSKFFKGACGRDADCEKACDQENWPGGVCVPFLRCECQRSC,0
ALWKNMLKGIGKLAGQAALGAVKTLVGAE,1
NKWKKILGKIIKVVK,1
ILGPVIGTIGNVLGGLLKNL,0
GIGALSAKGALKGLAKGLAEHFAN,0
KWKLFKKIKFLHSAKKF,1
NFLDTLINLAKKFI,0
INWKKIFESVKNLV,0
GSIPCGESCVFIPCISAIIGCSCSSKVCYKN,1
FLGALFKVASKVLPSVFCAITKKC,1
VIVFVASVAAEMMQHVYCAASKKC,0
GLPGKKNVLKKSRESSGKPGGTNKKPF,0
GLFDVIKKVASVIGGL,1
GWLRKAAKSVGKFYYKHKYYIKAAWKIGRHAL,0
DCTRWIIGINGRICRD,0
DVKGMKKAIKGILDCVIEKGYDKLAAKLKKVIQQLWE,1
GLFSILKGVGKIALKGLAKNMGKMGLDLVSCKISKEC,0
ALWKDVLKKIGTVALHAGKAALGAVADTISQ,0
FDNPFGCPADEGKCFDHCNNKAYDIGYCGGSYRATCVCYRK,0
GIIKKIIKKI,1
KWKLFKKIGPGKFLHSAKKF,1
GVIPCGESCVFIPCISAAIGCSCKNKVCYRN,0
FAKLAKKLL,1
FFPNVASVPGQVLKKIFCAISKKC,0
KWKLFKKKTKLFKKFAKKLAKKL,1
TSRCYIGYRRKVVCS,0
FLGALAKIISGIF,1
RVCYAIPLPICY,0
FAKAIAKIAFGKGIGKVGKKLL,1
ALKAALLAILKIVRVIKK,1
TAGIKLTVPIEKFPVTTQTFWG,1
YGRKKRRQRRRREADFFWSLCTADMS,1
SASVLKTSIKVSKKYCKGVTLTCGCNITGGK,0
RKAFRWAWRMLKKAAPSITCVR,1
FAKLWAKLAKKL,1
KSCCPNTTGRNIYNTCRLTGSSRETCAKLSGCKIISASTCPSNYPK,1
CGETCVGGTCNTPGCTCSWPVCTRNGLPV,1
GIIKKIIKKIIKKIIKKI,1
KTCENLADTFRGPCFATSNC,1
FAKFLAKFLKKAL,1
DLRFLYPRGKLPVPTLPPFNPKPIYIDMGNRY,1
GLLSGILGAGKNIVCGLSGLC,0
GLFDIIKKVASVVGLASP,0
ARLKKCFNKVTGYCRKKCKVGERYEIGCLSGKLCCAN,1
RVKRFWPLVPVAINTVAAGINLYKAIRRK,0
FLPLVGKILSGLI,1
GIMRVFKGVLKTAGKSVAKNVAGSFLDRLKCKISGGC,0
GLMSVLKGVLKTAGKHIFKNVGGSLLDQAKCKITGQC,0
GASCGETCFTGICFTAGCSCNPWPTCTRN,1
WLGSALKIGAKLLPSVVGLFKKKKQ,0
GIGASILSAGKSALKGLAKGLAEHFAN,0
GKIPVKAIKKGGQIIGKALRGINIASTAHDIISQFKPKKKKNH,0
GIFTFEDESTTTVAPAKLYK,0
PPCPSCLSCPWCPRCLRCPMCKCNPK,0
FLPKLFAKITKKNMAHIR,0
QSINNPITCLTKGGVCWGPCTGGFRQIGTCGLPRVRCCKKK,0
AILTTLANWARKFL,0
KWKLFKKIPLHLAKKF,1
FAKLLAKLAKKVL,1
KRFKQDGGASHASPASS,1
FLPIITNLLGKLL,1
APPGARPPPGPPPPGPPPPGP,1
KSCCKNTTGRNIYNTCRFAGGSRERCAKLSGCKIISASTCPSDYPK,1
GLFDIVKKVVGALGSL,1
SLWENFKNAGKQFILNILDKIRCRVAGGCRT,0
FELDRICGYGTARCRKKCRSQEYRIGRCPNTYACCLRKWDESLLNRTKP,1
SALVGCWTKSWPPKPCFGRG,0
KWKLFKKIGIGKFLHSAKKF,1
FKVKFKVKVK,1
RRICRCRIGRCLGLEVYFGVCFLHGRLARRCCR,0
FLPLLAGLAANFLPTIICKISYKC,1
VGALAVVVWLWLWLW,0
KKVVFKVKFK,1
PAWRKAFRKAWRMLKKAA,1
AVDLAKIANIANKVLSSLFGK,0
ATPATPTVAQFVIQGSTICLVC,1
PPPEE,1
GIGKFLKKAKKFAKAFVKMNN,1
GMSGYIQGIPDFLKGYLHGISAANKHKKGRL,0
VNWKKVLGKIIKVAK,1
TRSSRAGLQFPVGRVHRLLRK,1
VNWKKLLGKLLKVVK,1
WALAL,1
LRDLVCYCRKRGCKRRERMNGTCRKGHLMYTLCCR,0
FAKLLAKLAKAKG,1
GFWGKLWEGVKNAI,0
QKIAEKFSGTRRG,0
GIFTLIKGAAKLIGKTVAKEAGKTGLELMACKITNQC,0
LLGPVLGLVSNALGGLLKNI,0
SISCGESCAMISFCFTEVIGCSCKNKVCYLN,0
FLPLIAGLAANFLPKIFCAITKKC,1
ATCDLLSGTGVKHSACAAHCLLRGNRGGYCNGRAICVCRN,1
LTAEHYAAQATS,1
FLPIVAGLAANFLPKIVCKITKKC,0
FAKLWAKLAFGKGIGKVGKKLL,1
WKKIPKFLHLAKKF,1
DFGCGQGMIFMCQRRCMRLYPGSTGFCRGFRCMCDTHIPLRPPFMVG,1
GLFLDTLKGAAKDVAGKLLEGLKCKIAGCKP,0
FAKKLAKLAKKLLAL,1
FPMKKSLLLIFFLGTINLSFCEEERNAEEEKRDGDDEMDVEVQKR,0
FLPLIGKVLSGIL,0
RRRRRWCMNW,1
GLPVCGETCFGGTCNTPGCSCTWPICTRD,1
ALRLAIRKR,0
FLPAVIRVAANVLPTVFCAISKKC,0
DIGGSRQGCVA,0
GIPCAESCVWIPCTVTALIGCGCSNKVCYN,1
LLGDFFRKSKEK,1
RCICTRGFC,0
GLGSILGKILNVAGKVGKTIGKVADAVGNKE,0
RWGKWFKKATHVGKHVGKAALTAYL,1
GVGSPYVSRLLGICL,1
FLPVIAGLAAKVLPKLFCAITKKC,0
GAPICGESCFTGKCYTVQCSCSWPVCTRN,0
MPRWRLFRRIDRVGKQIKQGILRAGPAIALVGDARAVG,1
DFKLFAVTIKYR,1
FLSLIPHAINAVSALVHHF,0
MPKEKVFLKIEKMGRNIRN,1
FAKLLKLAAKKLL,1
FAKKALKALKKL,1
PAARKAARWAWRMLKKGA,1
KWKKLLKKPPPLLKKLLKKL,1
RILSILRHQNLLKELQDLALQGAK,0
INLLKIAKGIIKSL,0
YPFPG,1
EGPVGLADPDGPASAPLGAP,0
FWGHIWNAVKRVGANALHGAVTGALS,1
FAKKLAKKLAKLL,1
GGTIFDCGESCFLGTCYTKGCSCGEWKLCYGTN,0
APRRQLKW,0
KKINNPVSCLRKGGRCWNRCIGNTRQIGSCGVPFLKCCKRK,0
FLPPSPWKETFRTT,0
GIPCGESCVFIPCLTSAIDCSCKSKVCYRN,1
RRWRIVVIRVRR,0
GIGTKIIGGLKTAVKGALKELASTYVN,0
FKVQNQHGQVVKIFHH,1
FIFHIIKGLFHAGKMIHGLVTRRRH,1
FMPIIGRLMSGSL,1
DFKDWMKTAGEWLKKKGPGILKAAMAAAT,1
LRDLVCYCRTRGCKRRERMNGTCRKGHLIYTLCC,0
SLQYVMSAGPYTWYKDTRTGKTICKQTIDTASYTFGVMAEGWGKTFH,0
SVMGTVKDLLIGAGKSAAQSVLKSLSCKLSNDC,0
GILDSLKNLAKNAAQILLNKASCKLSGQC,0
SMSGFSKPHD,0
FFRLLFHGVHHVGKIKPRA,1
FLSLIPHAINAVSALANHG,1
KLLKWLKKLLK,0
KWKLFKKIPKFLHLAKKF,1
ALWKDILKNAGKAALNEINQIVQ,0
FAKLLAKLAKLKL,1
FAKLA,1
FLPAIFRMAAKVVPTIICSITKKC,1
KWKLFAKIGIGKFLHLAKKF,1
PRFWEYWLRLME,1
LRDLVCYCRKRGCKRREHMNGTCRKGHLMYTLCCR,0
KKKFPWWWPFKKK,1
NEEEKVKWEPDVP,0
NWRKILGKIAKVAAGLLGSMLAGYQV,0
GLFRRLRDSIRRGQQKILEKARRIGERIKDIFRG,0
NKGCAICSIGAACLVDGPIPDFEIAGATGLFGLWG,0
FAKGVGKVGKKAL,1
FAKKLAKLAKKLAKLALAL,1
DEKGPKWKR,0
QCVGTITLDQSDDLFDLNCNELQSVR,0
GFIFHIIKGLFHAGKMIHGLV,1
FTLKKSLLVLFFLGTISLSLCQEERAADEEDNGEVEE,0
RRRRRRRRGEDIIRNIARHLAQVGDSMDR,1
AAWKWAWAKKWAKAKKWAKAA,1
ITSISLCTPGCKTGVLMGCNLKTATCNCSVHVSK,0
AAKPMGITCDLLSLWKVGHAACAAHCLVLGDVGGYCTKEGLCVCKE,1
APRWKFGKRLEKLGRNVFRAAKKALPVIAGYKAL,0
GLLPCAESCVYIPCLTTVIGCSCKSKVCYKN,1
LLRHVVKILSKYL,1
LLGNFFRKAREKIGKEFKRIVQRIKDFLQHLVPRTEA,0
RDCESDSHKFHGACFSDTNCANVCQTEGFTAGKCVGVQRHCHCTKDC,0
SCNCVCGVCCSCSP,0
AISCGQVSSAIGPCLSYARGQGSAPSAGCC,0
IDWLKLGKMVIDAL,0
GFMNTAKNVAKNVAVTLLDNLKCKITGGC,0
DWTAWSALVAAACSVELL,1
RKKRRQRRR,1
VTCDILSVEAKGVKLNDAACAAHCLFRGRSGGYCNGKRVCVCR,0
EKYTEAPEYI,0
FLPIVGRLISGLL,1
KWKSFIKKSTSKFLHSAKKF,0
FKCRRWQWR,0
GFMDTAKNVAKNMAVTLLDNLKCKITKAC,0
KWKSFLKTFKSAKKTVLHTLLKAISS,1
ACSAG,1
KINWGNVGGSCVGGAVIGGALGGLGGAGGGCITGAIGSIWDQW,0
FLGSIVGALASALPSLISKIRN,1
GSEIQPR,0
GICACRRRFCLNFEQFSGYCRVNGARYVRCCSRR,0
FKLFKKIPKFLHLAKKF,1
DIQIPGIKKPTHRDIIIPNWNPNVRTQPWQRFGGNKS,1
ITSFSLCTPGCAKTGSFNSYCC,0
GKWMSLWKHILK,1
GFGCPNNYQCHRHCKSIPGRCGGYCGGWHRLRCTCYRC,0
PAWRKAFRAAWRMLKKAA,1
GLFVGVLAKVAAHVVPAIAEHF,1
ILPILGNLLNSLL,0
KLAKLAK,1
FLSLIPHAINAISAIANHF,0
LRDLVCYCRSRGCKGRERMNGTCRKGHLLYTLCCR,0
GIGAAILSAGKSIIKGLANGLAEHF,0
GNRPVYIPPPRPPHPRL,0
AMVGT,1
KLAKKLAKLAKLAKAL,1
FLGMIPKLIKKLIKAFK,1
GIGKFLKKAKKFAKAFVKIINN,1
EALYNSEDLYEETSDSDD,0
FAKLLAKAFKKAL,1
GIGGVLLSAGKAALKGLAKVLAEKYAN,1
KWKSFIKKLTSKFLHLAKKF,0
ALFSILRGLKKLGNMGQAFVNCKIYKKC,1
FLENQDCSKHRHCRMKCKANEYAVRYCEDWTICCRVKKKESKKKKMW,0
FLFPLITSFLSKVL,1
SSMKLSFRARAYGFRGPGPQL,0
KWKLFKKIPKFLHLAK,1
GLKKLLGKLLKKLGKLLLK,1
INWLKLGKKLLSAL,0
VECYGPNRPQF,1
DYDWSLRGPPKCATYGQKCRTWSPRNCCWNLRCKAFRCRPR,1
FLPILAGLAAKIVPKLFCLATKKC,1
FLLFPLMCKIQGKC,1
TVYTNA,0
YAKLLAKLAKKAL,1
FLGLLFHGVHHVGKWIHGLIHGHH,1
GLFDIVKKIAGHIVSSI,1
KAAKKAWKWAKKAAKWAKKAA,1
ADTLACRQSHQSCSFVACRAPSVDIGTCRGGKLKCCKWAPSS,1
SFLSTFKELAINAAKNAGQSLLHTLSCKLDKTC,0
AAKKWAKAKWAKAKKWAKAA,1
INLKAIAALAKKLLG,0
KAAKKAWKAAKKAWKAAKKAA,1
GLMDTVKNAAKNLAGQLLDTIKCKMTGC,0
GTQRCWNLYGKCRHRCSKKERVYVYCVNNKMCCVKPKYQPKERWWRF,0
HTLLTPRR,1
FAKKLAKKLKKLAKKLIGAVLKV,1
FAKLFAKAFKKAL,1
CRQSCSFGPLTFVCDGNTK,1
ILGPVIKTIGGVIGGLLKNL,0
GTQRCWNLYGKCRYRCSKKERVYVYCINNKMCCVKPKYQPKERWWPF,0
FALKALKK,1
MWKEFHNVLSSGQLLADKRWARWYNRW,1
FVKLKKILNIINSIFKK,1
GMWSKILGHLIR,1
GLFDIVKKVVGAFGSL,1
FALLKALKKAL,1
FLPLIAGLIGKLF,1
ATCDLFSFRSKWVTPNHAGCAAHCIFLGNRGGRCVGTVCHCRK,0
SLGVTLGAAGVYTATQTIATQIWKCGAVLTTSAECSRTGKSC,0
AGWGSIFKHIFKAGKFIHGAIQAHND,1
RVKRVWPLVIRTVIAGYNLYRAIKKK,0
KWKSFLKTFKSAKKTVAHTAAKAISS,1
GFGSLFKFLAKKVAKTVAKQAAKQGAKYIANKQTE,1
LFGMALKLLKKVL,1
GFSSLFKAGAKYLLKSVGKAGAQQLACKAANNCA,0
CHHNLTHAC,1
VDKGSYLPRPTPPRPIYNRN,0
QESKKGILLKPKTCNTNADCAKFCKGPIQNCLYHTCACVPGNPHCC,0
ATCDLLSGFGVGDSACAAHCIARGNRGGYCNSKKVCVCPI,1
TVVTNA,0
KWKLFKKIPKFLHLA,1
GLVSSIGRALGGLLADVVKSKEQPA,0
KWKLFKKLKVLTTGL,0
FKDLKKIANIINSIFKK,1
IVRRADRAAVP,1
RRAAVVLIVIRR,0
DPVTCLKNGAICHPVFCPRRYKQIGTCGLPGTKCCK,0
KDRPKKPGLCPPRPQKPCVKECKNDWSCPGQQKCCNYGCIDECRDPIFVN,0
HPTWPQKSVWHGSDPNGRRLTESY,1
FLPVLAGIAAKVVPALFCKITKKC,1
GLWSNIKTAGKEAAKAALKAAGKAALGAVTDAV,0
EFKRCWKGQGACQTYCTRQETYMHLCPDASLCCLSYALKPPPVPKHEYE,0
RRLCRIVWVIRVCRR,0
KVPIGAIKKGGKIIKKGLGVIGAAGTAHEVYSHVKNRQ,0
KWKKLAKKW,1
THRPPMWSPVWPGGGKLLLKLLKKLLKLLKKK,1
FASLLGKALKALAKQ,1
DCLSGKYKGPCAVWDNEMCRRICKEEGHISGHCSPSLKCWCEGC,1
GFGCPFNQYECHAHCSGVPGYKGGYCKGLFKQTCNCY,1
FAKLLAKLAK,1
FLPAVLLVATHVLPTVFCAITRKC,0
CHHNATHAC,1
GLFGVLAKVAAHVVPAIAEHF,1
GKWMSLLKHIWK,1
GLLSGILGAGKHIVCGLSGLR,0
FLPLLFGAISHLL,1
AALRGALRAVARVGKAILPHVAIANPYVRTPYVHNNP,0
SWLSKTYKKLENSAKKRISEGVAIAILGGLR,0
IIGVSEMERCHKKGGYCYFYCFSSHKKIGSCFPEWPRCCKNIK,0
ALWKTLLKKVGKVAGKAVLNAVTNMANQNEQ,0
GIGGALLSAGKAALKGLAKGFAEHF,0
RLARIVVIRWAR,0
RGGRLCYCRPRFCVCVGR,0
TSYGNGVHCNKSKCWIDVSELETYKAGTVSNPKDILW,0
CIAKGNGCQPSGVQGNCCSGHCHKEPGWVAGYCK,1
ANCSCSTASDYCPILTFCTTGTACSYTPTGCGTGWVYCACNGNFY,0
RWKVFKKIEKVGRNIRDGVIKAAPAIEVLGQAKAL,0
GLFKVIKKVAKVIKKL,1
GMATKAGTALGKVAKAVIGAAL,0
KNLRRIIRKIIHIIKKYG,0
ILGKILEGIKSLF,0
LNLKGIFKKVASLLT,0
LRDLKCFCRRKSCNWGEGIMGICKKRYGSPILCCR,0
NYQWVPYQGRVPYPRGGLLKLLKKLLKKLLKL,1
GLWDSIKIAGKKLFVNVLDKIRCKVAGGC,0
ALWLAIRKR,0
LLRHVVKILEKYL,1
GKWLSLLKHILK,1
KWKKFLKIGIGKFLHLAKKF,1
KLLKWLLK,0
GIIKKIIIKKI,1
LFGLIPSMMGGLVSAFK,0
QSISCAESCVWIPCATSLIGCSCVNSRCIYSK,0
FVKLKKIANIINSIFKK,1
KILRGVAKKILRTFLRRISKDILTGKK,1
SLLGTVKDLLIGAGKSAAQSVLKGLSGKLSKDC,0
SAIWFWMTPQSPK,0
GILDFAKTVVGGIRNALGI,0
DLVCYCRARGCKGRERMNGTCRKGHLLYMLCCR,0
GLPVCGETCFGGTCNTPGCTCDPWPVCTRN,1
FALALKKALKALKKAL,1
GGLKKLGKKLEGAGKRVFKASEKALPVVVGIKAIGK,0
PAWAKAFRAAARMKLKAA,1
IDWKKIFEKVKNLV,0
SGRGKTGGKARAKAKTRSSRAGLQFPVGRVHRLLR,0
ALWKTLLKNVGKAAGKAALNAVTDMVNQ,1
APRKNVRW,0
GVLSNVIGYLKKLGTGALNAVLKQ,0
KLKNFAKGVAQSLLNKASCKLSGQC,1
KISKRILTGKK,1
RFRPPIRRPPIRPPFRPPFRPPVRPPIRPPFRPPFRPPIGPFP,0
FAKLLAKFLKKAL,1
QETCHDLIMKRDCDEATCVNMCQQKWKGSGGSCFQNFNVMSCICNFPCQV,0
QETFSDLWKLLP,1
KWKLFKKIPFLHLAKKF,1
QLEARFEPKQRNFRKRELDFEKLFANMPDY,0
VDKPDYRPRPRPPNM,0
DDTPSSRCGSGGWGPCLPIVDLLCIVHVTVGCSGGFGCCRIG,1
FLSLIPHAINAVSAIAKHN,0
ATCDLASKWNWNHTLCAAHCIARRYRGGYCNSKAVCVCR,0
ITSHSLCTPGCAKTGSFNSFCC,0
FAKLLAKLAKKLL,1
KLCGETCFKFKCYTPGCSCSYPFCK,1
KSCCPSTTARNIYNTCRLTGASRSVCASLSGCKIISGSTCDSGWNH,1
GIFGKILGVGKKVLCGLSGVC,0
KLLRLLKKLLRLLLK,1
FFSLLPSLIGGLVSAIK,1
RLKLLLLRLK,0
VALALKALKKLAKKLKKLAKKAL,1
GLLNGLALRLGKRALKKIIKRLCR,0
LFCKGGSCHFGGCPSHLIKVGSCFGFRSCCKWPWNA,0
FAKKLAKKLKKLAKLALAK,1
GIGKFLKKAKKFGKAFVKILKK,1
FLPKTLRKFFCRIRGGRCAVLNCLGKEEQIGRCSNSGRKCCRKKK,1
DFKLFAVYIKYR,1
FLPVVAGLAAKVLPSIICAVTKKC,1
IIGLVSKGTCVLVKTVCKKVLKQG,0
SLGSFLKGVGTTLASVGKVVSDQFGKLLQAGQ,0
GTGLPMSERRKIMLMMR,1
IRNSLTCRFNFGICLPKRCPGRMRQIGTCF,0
ALSILKGLEKLAKMGIALTNCKATKKC,1
SPWPRPTY,1
QYGRRCCNWGPGRRYCKRWC,0
GLKDIFKAGLGSLVKNIAAHVAN,0
KSCCRSTLGRNCYNLCRVRGAQKLCANACRCKLTSGLKCPSSFPK,0
FAKKLAKKLKKLAKKLAKKWKL,1
KWKLAKKALALL,1
KWKSFLKTFKSAKKTVAHTALKAISS,1
FLSFPTTKTYFPHFDLSHGSAQVKGHGAK,1
KWWKKAAKAAKKAAKAAKKWA,1
QYRHRCCAWGPGRKYCKRWC,0
QAGGQTCPGGICCSQWGYCGTTADYCSPNNNCQSNCWASG,1
KWKSFAKTFKSAKKTVLHTALKAISS,1
VAGPFRIPPLRREFQ,0
QGVRSYLSCWGNRGICLLNRCPGRMRQIGTCLAPRVKCCR,0
CCTAAGCCCTTGTGGTGTGT,1
GTPGFQTPDARVISRFGFN,0
PAWRKAFRWAKRMLKKAA,1
FAKKFAKKFKKFAKKFAKFAFAF,1
FFPIGVFCKIFKTC,1
KRIVQRIKDFLRNLVPRTES,0
KWKLFKKIGIGAVLKVLKKG,1
GLLGGLLGPLLGGGGGGGGGLL,0
GLWNSIKIAGKKLFVNVLDKIRCKVAGGCKTSPDVEYHK,0
MSKRDCNLMKACCAGQAVTYAIHSLLNRLGGDSSDPAGCNDIVRKYCK,0
GLMSSIGKALGGLIVDVLKPKTPAS,1
RYCPRNPEACYNYCLRTGRPGGYCGGRSRITCFCFR,0
AVLDILKDVGKGLLSHFMEKV,1
GFKDWIKGAAKKLIKTVASSIANQ,1
DSHEERRQGRHGHHEYGRKFHEKHHSHRGY,1
KAAKKWAKAAKKWAKAWKKAA,1
CIWVSDGKKLWRH,1
IPCGESCVWIPCITAIAGCSCKNKVCYT,1
GLFSVLGSVAKHLLPHVVPVIAEKL,0
GKFSGFAKILKSIAKFFKGVGKVRKQFKEASDLDKNQ,0
MTAQGNKPSSHDVITGRWTPSAADRAAGRVSGFGVITNIINGGLDC,0
DERCTIIIHPGSPCDPSDCVQYCYAEYNGVGKCIASKPGRSANCMCTYNC,0
ICLRLPGC,1
FIGTALGIASAIPAIVKLFK,1
YVPLPNVPQPGRRPFPTFPGQGPFNPKIKWPQGY,0
EKKPPRPPQWAVGHFM,1
GLVDVLGKVGGLIKKLLP,0
FLGGLWKAMSNLL,0
INWKGIAAMAKKLL,0
FLSSIGKILGNLL,1
VAKKLAKLAKKLAKLAL,1
GLPVCGETCVGGTCNTPGCACSWPVCTRN,1
CIKNGNGCQPDGSQGNCCSRYCHKEPGWVAGYCR,0
ELCEKASQTWSGTCGKTKHCDDQCKSWEGAAHGACHVRDGKHMCFCYFNC,1
FFGSVLKLIPKIL,1
VAKLLAKALKKLL,1
AKKVFKRLEKLFSKIQNDK,1
GLLDTFKNLAINAAESAGVSVLNSLSCKLSKTC,0
HTMYYHHYQHHL,1
LVPCLPGC,1
DKLIGSCVWGAVNYTSNCNAECKRRGYKGGHCGSFLNVNCWCET,0
WLGSALKIGAKLLPSVVGLFQKKKK,0
GIPCGESCVFIPCISSVIGCSCSSKVCYRN,1
GQVWEATATVNAIRGSVTPAVSQFNARTAD,1
SWLSKTAKKLENSAKKRISEGIAIAIQGGPR,1
VLPIIGNLLNSLL,0
GLLGSLFGAGKKVACALSGLC,0
TILAEIKNINAD,1
GLFDIVKKVVGTIAGL,1
MPKWKVFKKIEKVGRNIRNGIVKAGPAIAVLGEAKALG,1
TPCGESCVYIPCISGVIGCSCTDKVCYLN,0
LIGPVLGLVGSALGGLLKKI,0
GFGMALRLLRRVL,1
FLPLLAGLAANFLPKLFCKITRKC,0
FLSTALKVAANVVPTLFCKITKKC,0
GIACGESCVFLGCFIPGCSCKSKVCYFN,1
GIMDTVKNAAKDLAGQLDKLKCRITGC,0
GFGCPNNYQCHRHCKSIPGRCGGYCGGWHRLPCTCYRCG,1
VNWKKIILGKIIKVVK,1
YPGPQAKEDSEGPSQGPASREK,0
FLPLLASLFSRLF,0
GWMSKIASGIGTFLSGVQQG,0
AVVNGVNYVGETTAA,0
GFMDTAKQVAKNVAVTLIDKLRCKVTGGC,0
GLWQKIKNAAGDLASGIVEGIKS,0
TTHSGKYYGNGVYCTKNKCTVDWAKATTCIAGMSIGGFLGGAIPGKC,0
DTHFPICIFCCGCCHRSKCGMCCKT,1
GLPVCGETCVGGTCNTPGCSCSWPVCTRN,1
KFKKLAKKF,1
FALAKKALKKAKKAL,1
KAAKKAWKAAKKAAKWWKKAA,1
GFWKKVGSAAWGGVKAAAKGAAVGGLNALAKHIQ,0
DKLIGSCVWGAVNYTSRCNAECKRRGYKGGHCGSFANVNCWCET,0
RIWVIRWR,0
FAKLLAKALKKFL,1
KWKLFKKALKKLKKALKKAL,1
GFFKKAWRKVKHAGRRVLDTAKGVGRHYVNNWLNRYR,1
GLLDTFKNLALNAPKSAGVSVLNSLSCKLSKTC,0
KAQIRAMECNILGRKKRRQRRR,1
YPASYDDDFDALDDLDDLDLDDLLDLEPADLVLLDMWANMLDSQDFEDFE,0
LPVNEAQCRQVGGYCGLRICNFPSRFLGLCTRNHPCCSRVWV,0
GKWKKILGHLIR,1
PRFWEYWLRLAE,1
GMWKKILGKLIR,1
GIGGKILSGLKTALKGAAKELASTYLH,1
GIGASILSAGKSALKGFAKGLAEHFAN,0
FLSAIASMLGKFL,1
KWKSFLKTFKSLKKTVLHTLLKAISS,1
FLPAIAGILSQLF,1
GLFSKFNKKKIKSGLIKIIKTAGKEAGLEALRTGIDVIGCKIKGEC,0
FAFGKGIGKIGKKGL,1
KWLRRVWRWWR,1
CSTNTFSLSDYWGNNGAWCTLTHECMAWCK,1
KEKLKLKCKAPKCYNDKLACT,0
GNGVLKTISHECNMNTWQFLFTCC,0
LKKLAKLALAF,1
GIINTLQKYYCRVRGGRCAVLTCLPKEEQIGKCSTRGRKCCRRKK,0
FKARRWQWRMKKLGA,0
GLFGKILGVGKKVLCGLSGMC,0
DHYICAKKGGTCNFSPCPLFNRIEGTCYSGKAKCCIR,1
KRCHLTIDKATACSLSDCRLSCYSGYNGVGKCFDDPKVAGPSNCGCIYNC,0
GIFTKINKKKAKTGVFNIIKTIGKEAGMDVIRAGIDTISCKIKGEC,0
DTTFCRCRVSCNILEKYSGKCELSGRTARICC,0
MWKWFHNVLSSGQLLADKWWAWWYNWW,1
NRWTNAYSAALGCAVPGVKYGKKLGGVWGAVIGGVGGAAVCGLAGYVRKG,0
LLGDFFRKSKEKIGKEFKRIVQRIKDFLRNLVPRTES,1
GLKDKFKSMGEKLKQYIQTWKAKF,0
GLPVCGETCVGGTCNTPGCGCSWPVCTRN,1
GLFGILGSVAKHVLPHVVPVIAEHS,0
RSNKGFNFMVDMIQALSK,0
FIHHIFRGIVHAGRSIGRFLTG,1
FAKKLAKKLKKLAKKLAKLALALKALALKAL,1
GTIPCGESCVFIPCLTSALGCSCKSKVCYKN,0
TTKNYGNGVCNSVNWCQCGNVWASCNLATGCAAWLCKLA,0
ALYKKFKKKLLKSLKRL,1
ALWKDILKNAGKAALNEINQLVNQ,1
MRKWFHNVLSSGQLLADKWPAWDYNRK,1
SIYERCELARELINR,0
YAIDTILAEIKNINA,1
GNNRPVYIPQPRPPHPRI,0
FLPLLLAGLPKLLCLFFKKC,1
RDCRSQSKTFVGLCVSDTNCASVCLTEHFPGGKCDGYRRCFCTKDC,0
HHPHG,1
GVPICGETCVGGTCNTPGCSCSWPVCTRN,1
ALSKALSKALSKALSKALSKALSK,1
ESGINLQGDATLANN,0
DAEFRHDSGYEVHHQKLVFFAEDVGSNKGAIIGLMVGGVVIA,1
QLKKCWNNYVQGHCRKICRVNEVPEALCENGRYCCLNIKELEAC,0
YVSCLFRGARCRVYSGRSCCFGYYCRRDFPGSIFGTCSRRNF,0
RGLRRLGRKIAHGVKKYGPTVLRIIRIAG,0
RFRLPFRRPPIRIHPPPFYPPFRRFL,1
GLFDIIKKIAESF,1
LGQSAASAHHAYIVLAIENSFMTASKKK,1
ITSISLCTPGCKTGALMGCNMKTATCNCSIHVSK,0
FAKLF,1
FLSLIPHIVSGVASIAKHF,1
EIRLPEPFRFPSPTVPKPIDIDPILPHPWSPRQTYPIIARRS,1
FALALKLKKL,1
ATRSYGNGVYCNNSKCWVNWGEAKENIAGIVISGWASGLAGMGH,1
DYPKLTFTTS,1
RECQSQSHRYKGACVHDTNCASVCQTEGFSGGKCVGFRGRCFCTKHC,0
FLPMLAGLAANFLPELFCKITKKC,0
GDPTFCGETCRVIPVCTYSAALGCTCDDRSDGLCKRN,0
GKWSKILGHLIR,1
LALKSGGWLRLFGLKDKKH,0
GILGNIVGMGKKIVCGLSGLC,0
GKWMSLLKHILK,1
GIINMLQKSYCKIRKGRCALLGCLPKEEQIGSCSVSGRKCCRKKK,0
RQRDPQQQYEQCQERCQRHETEPRHMQTCQQRCERRYEKEKRKQQKR,0
CGESCAMISFCFTEVIGCSCKNKVCYLNSIS,1
FALLKALLKKAL,1
GLFAVIKKVAAVIRRL,1
ATAVDFGPHGLLPIRPIRIRPLCGKDKS,1
SIFAFQDESPSAIAQAKLFK,0
MRGIRGADFQAFQQARAVGLAGTFR,1
KRKKHRCRVYNNGMPTGMYRWC,0
KTKLTEEEKNRLNFLKKISQRYQKFALPQYLKTVYQHQK,0
GLPICGETCVGGTCNTPGCSCSWPVCTRN,1
GWLKKIGKKIERVGQHTRDATIQTIGVAQQAANVAATLK,1
GIFLDKLKNFAKGVAQSLLNKASCKLSGQC,0
KLLLKLLKKLLKLLKKK,1
KRKCPKTPFDNTPGAWFAHLILGC,0
FFGTALKIAANILPTAICKILKKC,1
FALAAKALKKLAKKLKKLAKKAL,1
FALALKLAKKL,1
GLFAVIKKVAAVIKKL,1
TCCATGACGTTCCTGACGTT,1
LPKWKVFKKIEKVGRNIRNGIVKAGPAIAVLGEAKALG,1
KWKLFKKIGIGKFKLAKKF,1
KSCCPNTTGRNIYNTCRFGGGSRQVCASLSGCKIISASTCPSDYPK,1
SYVGDCGSNGGSCVSSYCPYGNRLNYFCPLGRTCCRRSY,0
QEAQSVACTSYYCSKFCGSAGCSLYGCYLLHPGKICYCLHCSR,0
GLFSKFAGKGIVNFLIEGVE,0
GRKKRRQRRRGGWMWVTNLRTD,1
HFLGKLVNLAKKIL,0
KWKLFKKIPKFLHL,1
KVFLGLK,0
NSGGAAVVAALGCAAGGVKYGRLLGPWGAAIG,0
VLSHNNESSYSDTSSCTSQ,0
VFIDILDKMENAIHKAAQAGIGIAKPIENMILPKLTK,0
FIGLLISAGKAIHDLIRRRH,1
ENDHRMPYELNRPNNLSKGGAKCGAAIA,0
ANFEIVNNCPYTVWAAASPGGGRRLDRGQT,0
FLKLLAGLLKNFA,1
AKRHHGYKRKFH,1
GFGSKPLDSFGLNFF,1
GAIKDALKGAAKTVAVELLKKAQCKLEKTC,1
KWKLFKKIPKFLHLAKK,1
GMWSKILKHLIR,1
KWKSFIKKLASKFLHSAKKF,0
GLLDFAKHVIGIASKLG,0
KTHYPTNAWKSLWKGFWESLRYTDGF,0
GGAGHVPEYFVGIGTPISFYG,0
SMWSGMWRRKLKKLRNALKKKLKGE,0
ETFSDLWKLL,1
ITSVSWCTPGCTSEGGGSGCSHCC,0
AGECVQGRCPSGMCCSQFGYCGRGPKYCGR,1
LLAGLAANFLPTIICKISYKC,1
IPCGESCVWIPCISGMFGCSCKDKVCYS,1
KWFKKIPKFLHLAKKF,1
SGISGPLSCGRNGGVCIPIRCPVPMRQIGTCFGRPVKCCRSW,0
ILGKILKGIKKLF,0
GKIPVKAIKQAGKVIGKGLRAINIAGTTHDVVSFFRPKKKKH,0
RIWVIWRR,0
NNEAQCEQAGGICSKDHCFHLHTRAFGHCQRGVPCCRTVYD,0
AFKLLGRIIHHVGNFVYGFSHVF,1
GFFSTVKNLATNVAGTVIDTLKCKVTGGCRS,1
CANSCSYGPLTWSCDGNTK,1
IAAHDTPGPVWLS,1
CGESCVWIPCVTSIFNCKCKENKVCYHDKIP,1
VSGNVAARKGKQQTSSGKGGGTN,0
KYYGNGVSCNKKGCSVDWGKAIGIIGNNSAANLATGGAAGWSK,0
MDVVRTLILCVCLFGLTFA,0
GKWSKILGKLIR,1
RLGDILQKAREKIEGGLKKLVQKIKDFFGKFAPRTES,0
GRKSDCFRKSGFCAFLKCPSLTLISGKCSRFYLCCKRIWG,0
CPAIQRCCQQLRNIQPPCRCCQ,0
GFGCPGNQLKCNNHCKSISCRAGYCDAATLWLRCTCTDCNGKK,1
FFPMLAGVAARVVPKVICLITKKC,1
FDIMGLIKKVAGAL,0
FAKKLAKKLAKAL,1
FTMKKSPLLLFFLGTISLSLC,0
FALALKALKKL,1
LRDLVCYCRKRGCKRREHINGTCRKGHLLYMLCCR,0
FIITGLVRGLTKLF,1
GLWNTKLEAGLLFAMGKLDLKRCLKAGGC,0
GVVDILKGAAKDLAGHLASKVMNKI,0
GFRDVLKGAAKQFVKTVAGHIANI,0
GGGVIQTISHECRMNSWQFLFTCCS,0
FKRIVQRIKDFLRNLV,1
RECRSESKKFVGLCVSDTNCASVCLTERFPGGKCDGYRRCFCTKDC,0
FKCRRWQWRAKKLGA,0
KWKWKWKWKW,0
MTLTG,1
GIGKFLHAAKKFAKAFVAEIMNS,1
FLGMIPGLIGGLISAFK,1
RRWKIVVIRWRR,0
LSCKRGTCHFGRCPSHLIKGSCSGG,0
GFKMALKLLKKVL,1
SIGSAFKKALPVAKKIGKAALPIAKAALP,0
RRWVIWRR,0
RTCESQSHRFHGTCVRESNCASVCQTEGFIGGNCRAFRRRCFCTRNC,0
RWKVFKKIEKMGRNIRDGIVKAGPAIEVLGSAKALGK,0
CGESCVFIPCITSVAGCSCKSKVCYRNGIP,1
GLLSGILNTAGGLLGNLIGSLSNGES,0
GLRSKIKEAAKTAGKMALGFVNDMA,0
KWKLFKKILKFLHLAKKF,1
FLPIIAGIAAKVFPKIFCAISKKC,0
RWKVFKKIEKVGRHIRDGVIKAGPAITVVGQATAL,0
FLGWLFKWAWK,1
RVCESQSHGFKGACTGDHNCALVCRNEGFSGGNCRGFRRRCFCTLKC,0
GVPVCGETCFGGTCNTPGCSCDPWPVCSRN,1
CTGAAGGTGCTGTCCCAGAT,1
KNWKKILGKIIKVVK,1
VTCFCRRRGCASRERHIGYCRFGNTIYRLCCRR,0
RQIKIWFQNRRMKWKK,1
QTCASRCPRPCNAGLCCSIYGYCGSGAAYCGAGNCRCQCRG,0
GICRCICTRGFCRCICVL,0
NWYVKKCLNDVGICKKKCKPEELHVKNGRAMCGKQRDCCVPAD,0
INWSSIFEKVKNLV,0
TTGGTCCTTCAAGAGCTG,1
GLWSKIKETGKEAAKAAGKAALNKIAEAV,0
FALALKA,1
FALALKALKKLAKKLKKLAKKAL,1
GLPVCGETCFGGTCNTPGCTCSYPICTRN,0
CFKFKFKFGSGFKFKFKFC,0
RRRRRNWMWC,1
AKWVGDLTLCRWR,1
IFGAILPLALGALKNLIK,0
GFGCPLDQMQCHRHCQTITGRSGGYCSGPLKLTCTCYR,1
FFSMIPKIATGIASLVKNL,0
KKLLKWLLKLL,0
HSSGYTRPLPKPSRPIFIRPIGCDVCYGIPSSTARLCCFRYGDCCHR,0
GKIPVKAIKKAGAAIGKGLRAINIASTAHDVYSFFKPKHKKK,0
CKQSCSFGPFTFVCDGNTK,1
GFFALIPKIISSPLFKTLLSAVGSALS,1
KPWERE,0
INWLKLGKAIIDAL,0
FLPVILPVIGKLLNGIL,0
SLFSLIKAGAKFLGKNLLKQGAQYAACKVSKEC,0
ALWKTMLKKLGTVALHAGKAALGAAADTISQGA,0
FWATLAKGALKLIPTIANAFSSKS,0
GLFSKFAGKGIKDLIFKGVKHIGKEVGMDVIRVGIDVAGCKIKGVC,0
GFLSTVKNLATNVAGTVLDTIRCKVTGGCRP,0
GLPTCGETCTLGTCYVPDCSCSWPICMKN,1
ACYCRIPACIAGERRYGTCIYQGRLWAFCC,1
GIMDSVKNVAKNIAGQLLDKLKCKITGC,0
AWLLAIRKR,0
STIVCVSLRICNWSLRFCPSFKVRCPM,0
DLRFWNPREKLPLPTLPPFNPKPIYIDMGNRY,1
FAKALKALLKALKAL,1
GLGKAQCAALWLQCASGGTIGCGGGAVACQNYRQFCR,0
PRCPPCPRCSWCPRCPTCPRCNCNPK,0
GIPCGESCVFIPCITGIAGCSCKSKVCYRN,0
ATNIPFKVHFRCKAAFC,0
INWKKIFEKVKDLV,0
RLKELITTGGQKIGEKIRRIGQRIKDFFKNLQPREEKS,0
ILGPVLGLVSNALGGLLKNL,0
VNWKKILAKIIKVVK,1
GFKDWIKSAAKKLIKTVASNIANQ,0
FLGLIFHGLVHAGKLIHGLIHRNRG,0
FLGGILNTITGLL,1
IFLLWQR,1
FAKALAKLAKKLL,1
KLLLKLKLKLLK,1
KWKLFKKAVLKVLTT,0
GLVSGLLNTAGGLLGDLLGSLGSLSG,0
GFKLKGMARISCLPNGQWSNFPPKCIRECAMVSS,1
FLPILASLAATLGPKLLCLITKKC,1
VAIALKAAHYHTHKE,0
GICRCLCRRGVCRCICVL,0
FAVGLRAIKRALKKLRRGVRKVAKDL,1
QLKSTCRIAEAWKGAKECNAKCAALGTTRGGVCQKFLGDLYCCCWD,0
KKKKQSWYAAAGDAIVSFGEGFLNAW,0
GLPVCGETCFGGTCNTPGCSCDPWPMCSRN,1
KNGYGGSGNRWVHCGAGIVGGALIGAIGGPWSAVAGGISGGFASCH,0
KWCFRVCYRGICYRRCR,1
KRAKAAGGWSHWSPWSSC,1
RWKIFKKIEKMGRNIRDGIVKAGPAIEVLGSAKAI,0
NVWKKILGKIIKVVK,1
ACDTATCVTHRLAGLLSRSGGVVKNNFVPTNVGSKAF,1
GVWSTVLGGLKKFAKGGLEAIVNPK,0
FLPMLAGLAANFLPKLFCKITKKC,0
GFGCPLNQGACHNHCRSIGRRGGYCAGIIKQTCTCYRK,1
GIFSKINKKKAKTGLFNIIKTVGKEAGMDVIRAGIDTISCKIKGEC,0
GLNTLKKVFQGLHEAIKLINNHVQ,0
HKTDSFVGLM,0
FAKKLAKKLKKLAKKLAK,1
MPFLFCNVNDVCNFASRNDYSCNYYSNSYSFWLASLNPER,1
FAKKLAKKLKKLAKKLAKLAKKL,1
MFFSSKKCKTVSKTFRGPCVRNA,0
RRIIIRWRRI,0
FLPFFASLLGKLL,0
PAWRKARRWARRMKKLAA,1
RGDLLRHVVKILSKYL,1
QRPYTQPLIYYPPPPTPPRIYRA,0
VNWKKILGKIIKVVK,1
FLANQECFSEYRHCRMKCKANEYAIRYCADWTICCRVKKREAKKKIMW,0
FFRHLFRGAKAIFRGARQGWRAHKVVSRYRNRDVPETDNNQEEP,1
FLPAIVGAAAKFLPKIFCAISKKC,1
KSCCPNTTGRNIYNTCRLGGGSRERCASLSGCKIISASTCPSDYPK,1
RAGLQFPVGRLLRRLLRRLLR,1
RGDLLRHVVKILEKYL,1
EMHKKCYKNGICRLECYESEMLVAYCMFQLECCVKGNPAP,0
VGECVRGRCPSGMCCSQFGYCGKGPKYCGR,0
VARGWKRKCPLFGKGG,0
VAKALAKALLKALKAL,1
KWLKKWL,0
GVVTDLLNTAGGLLGNLVGSLSG,0
GVLDAFKKIATVVKNLV,0
HHPHGHHPHG,1
WKLFKKIPKFLHLAKKF,1
HHPHGHHPHGHHPHG,1
IIGPVLGLVGKPLESLLE,0
GKWMSLLKHWLK,1
GIGCGESCVWIPCVSAAIGCSCSNKICYRN,0
GFGCNGPWDEDDMQCHNHCKSIKGYKGGYCAKGGFVCKCY,1
FAKKLAKKLKKLAKLALAL,1
FKRIVQRIKDFLR,1
KWKFKKIPKFLHLAKKF,1
GIFDKLKNFAKGVAQSLLNKASCKLSGQC,0
FLIIRRPIVLGLL,0
LKWLKKLLKKL,0
FLPIIAGVAAKVLPKIFCAISKKC,1
NLCERASLTWTGNCGNTGHCDTQCRNWESAKHGACHKRGNWKCFCYFNC,0
FLPIVAKLLSGLL,1
RIKRFWPVVIRTVVAGYNLYRAI,0
KILRGVAKKIMRTFLRRILTGKK,1
FFPIIAGMAAKLIPSLFCKITKKC,1
DQYKCLQHGGFCLRSSCPSNTKLQGTCKPDKPNCCKS,1
RAEAVPPGFTPFRKP,0
ALLLAIRKR,0
KTCENLADTY,1
FAKLLAKLAKAKA,1
FTCAISCDIKVNGKPCKGSGEKKCSGGWSCKFNVCVKV,0
FLFSLIPHAISGLISAFK,0
SPIHACRYQRGVCIPGPCRWPYYRVGSCGSGLKSCCVRNRWA,0
GLWKSLLKNVGKAAGKAALNAVTDMVNQS,0
RCTCTTIISSSSTF,0
FALALKAKKL,1
PAARKAFRWAWRMLKKAA,1
INWLKLGKMVIDAL,0
GLWSTIKQKGKEAAIAAAKAAGQAALGAL,0
ATCDLASGFGVGSSLCAAHCIARRYRGGYCNSKAVCVCRN,1
SIGAKILGGVKTFFKGALKELASTYLQ,1
KAAKKWAKAWKKAAKAWKKAA,1
GIFSKLAGKKLKNLLISGLKSVGKEVGMDVVRTGIDIAGCKIKGEC,0
FAKLLAKALKKFAL,1
KYYGNGVTCGKHSCSVNWGQAFSCSVSHLANFGHGKC,0
FINLLDKVEDALHTGAQAGFKLIRPVERGATPKKSEKPEK,0
STPVLASVAVSMELLPTASVLYSDVAGCFKYSAKHHC,0
FFPTIAGLTKLFCAITKKC,0
LTVRAAQSFGRCNQKQCDADCVKKGYFGGLCTLTSCFCTGSRS,0
GLFSVLGAVAKHVLPHVVPVIAEKL,1
AALRGCWTKSIPPKPCSGKR,0
RALWGLQH,1
GLFGVLGSIAKHVLPHVVPVIAEKL,1
GLVTGLLKTAGKLLGDLFGSLTG,0
GAFGNFLKGVAKKAGLKILSIAQCKLFGTC,1
FAKLLAKALKKL,1
FAKKLAKLALKLAKL,1
LDTIKCLQGNNNCHIQKCPWFLLQVSTCYKGKGRCCQKRRWFARSHVYHV,0
ALLGDFFRKSKEKIGKEFKRIVQRIKDFLRNLVPRTES,1
GIPCAESCVWIPPCTITALMGCSCKNNVCYNN,1
GLLDTFKNLALNAAKSAGVSVLNSLSCKLSKTC,0
SVFAFQDESTSTIAQARLFI,0
RFIYMKGFGKPRFGKR,0
GLLGLLGSVVSHVLPAITQHL,1
ATAWDFGPHGLLPIRPIRIRPLCGKDKS,0
ATRVVYCNRRSGSVVGGDDTVYYEG,1
YSL,1
SFLTSFKDMAIKVAKDAGVNILNTISCKIFKTC,0
RIKRFWPVVIRTVVAGY,0
FAKLLAKLAKK,1
GLFDIAKKVIGVIGSL,1
MWKWFHNVLSSWQLLADKRPARDYNRK,1
GLLDIVKKVVGAFGSL,1
VYWKKILGKIIKVVK,1
HSHRDFQPVLHLVALNSPLSGGMRG,1
RLSRIVVIRVSR,0
PLLQATLGGGS,1
FAKLLAKKLL,1
GLISGILGVGKMLVCGLSGLC,0
IASKFICTPGCAKTGSFNSYCC,0
RRWCFRVCYKGFCYRKCR,0
IWNKIAKSIGKVLEKAL,0
EPHPDEFVGLM,1
FDITKLNIKKLTKATCKVISKGASMCKVLFDKKKQE,0
AREASKSLIGTASCTCRRAWICRWGERHSGKCIDQKGSTYRLCCRR,1
FLPLLASLFSGLF,1
PRFWEYALRLME,1
ACQCPDAISGWTHTDYQCHGLENKMYRHVYAICMNGTQVYCRTEWGSSC,0
ILSAIWSGIKS,0
KPYCSCKWRCGIGEEEKGICHKFPIVTYVCCRRP,0
GFMDTAKNVAKNVAVTLIDNLKCKITKAC,1
GMWKKILGHLIR,1
GIGKFLHSAKKFGKAFVGEIMNS,1
DKLIGSCVWGAVNYTSDCNGECLLRGYKGGHCGSFANVNCWCET,0
ANKCIIDCMKVKTTCGDECKGAGFKTGGCALPPDIMKCCHNC,0
RLCRIVVIRVCR,0
YHWYGYTPQNVIGGGKLLLKLLKKLLKLLKKK,1
FLKWLFKWAKK,1
SLWETIKNAGKGFIQNLDKIR,0
KWKLFKKISKFLHLAKKF,1
FLSLIPTAINAVSALAKHF,0
CTFTLPGGGGVCTLTSECIC,1
CGESCVFIPCISTLLGCSCKNKVCYRNGVIP,1
WKPFKKIEKAVRRVRDGVAKAGPAVAVVGQAT,0
GLLSGILGAGKHIVCGLSGPCQSLNRKSSDVEYHLAKC,0
SIITMTREAKLPQLWKQIACRLYNTC,0
FVKLKKILNIILSIFKK,1
ILPIIGKILSTIF,0
WNDTGKDADGAEY,0
GCSRWIIGIHGQICRD,1
SGKLYYRRKK,0
GGLKKLGKKLEGAGKRVFNAAEKALPVVAGAKAL,0
QLINSPVTCMSYGGSCQRSCNGGFRLGGHCGHPKIRCCRRK,0
FLPIASLLGKYL,1
GSRYLCTPGSCWKLVCFTTTVK,0
FFGAIAAALPHVISAIKNAL,1
RWKLFKKIEKVGRNVRDGLIKAGPAIAVIGQAKSL,0
GIFSKISGKAIKNLFIKGAENVGKHVGIDVVRTGIDVVGCKIKGEC,0
GLPVCGETCFGGTCNTPGCSCETWPVCSRN,1
ACHAHCQSVGRRGGYCGNFRMTCYCY,0
GLVTSLIKGAGKLLGGLFGSVTGGQS,1
GFMDTAKNVAKNVAATLLDKLKCKITGGC,0
GCWSTVLGGLKKFAKGGLEAIVNPK,1
GIIKKIIIKKIIIKKI,1
DTVACRIQGNFCRAGACPPTFTISGQCHGGLLNCCAKIPAQ,1
FLPAVLRVAAKVVPTVFCLISKKC,0
GLWQKIKDKASELVSGIVEGVK,0
GFGKAFHSVSNFAKKHKTA,1
FKCRRWQWRMKK,1
CHHNLAHAC,1
GFGCPFNQGACHRHCRSIRRRGGYCAGLIKQTCTCYRN,0
GLWNSIKIAGKKLFVNVLDKIRCKVAGGCKTSPDVE,0
KIFGSLAFL,1
AFGMALKLLKKVL,1
FAKLLAKALKKAL,1
LKKLLKWLLKLLK,0
EGGGPQWAVGHFM,1
GSNKGFNFMVDMINALSN,0
MRKEFHNVLSSGQLLADKRPARDYNRK,1
VIDDLKKVAKKVRRELLCKKHHKKLN,0
FKTWKRPPFQTSCWGIIKE,0
FIGPIISALASLFG,1
GFFALIPKIISSPLFKTLLSAVGSALSSSGGQE,1
GFLDIIKDTGKEFAVKILNNLKCKLAGGCPP,1
KWLLKWL,0
GWLKKIGKKIERVGQHTRDATIQGLGVAQQAANVAATAR,0
VLSIVACSSGCGSGKTAASCVETCGNRCFTNVGSLC,0
LFGFLIPLLPHIIGAIPQVIGAIR,0
MGALIKTGAKIIGSGAAGGLGTYIGHKILGK,0
VRPYLVAF,0
KQFRIRVRVIRK,0
GKREKCLRRNGFCAFLKCPTLSVISGTCSRFQVCC,0
FLPAIVGAAGKFLPKIFCAISKKC,0
AFTCHCRRSCYSTEYSYGTCTVMGINHRFCCL,1
FLGGLMKAFPALICAVTKKC,0
VNWRRILGRIIRVVR,1
FLPLIGRVLSGIL,1
GGLRSLGRKILRAWKKYGPIIVPIIRI,1
RNKLAYNMGHYAGKATIFGLAAWALLA,0
QCRRLCYKQRCVTYCRGR,0
ATCDLLSGIGVQHSACALHCVFRGNRGGYCTGKGICVCRN,1
FLSLIPSLVGGSISAFK,1
GMWSKILGKLIR,1
DDALRRLLRRLLRRL,1
ALWKTIIKGAGKMIGSLAKNLLGSQAQPES,1
AVPDVAFNAYG,1
FLPLVTMLLGKLF,1
SRWPSPGRPRPFPGRPKPIFRPRPCNCYAPPCPCDRW,0
GVCDMADLA,0
VAKLLAKLAKKLL,1
FLGALFKALSHLL,1
DLFQVIKEKLKELTGGVIEGIQGV,0
ADDRNPLEECFRETDYEEFLEIARNGLKKT,0
KSCCPNTTGRNIYNTCRFAGGSRERCAKLSGCKIISASTCPSDYPK,1
SRDLICYCRKGGCNRGEQVYGTCSGRLLYCCPRR,0
GFGMALKLLKKVL,1
GNFRYLAPP,1
AAVPIVNLKDELLFPSWEALFSGSE,1
SIPCGESCVFIPCTVTALLGCSCKSKVCYKN,0
GKLQAFLAKMKEIAAQTL,0
KNLRRITRKIIHIIKKYG,0
GRFKRFRKKFKKLFKKLSPVIPLLHLG,1
DKLIGSCVWGATNYTSDCNAECKRRGYKGGHCGSFWNVNCWCEE,1
YPASMDNYDDALEELDNLDLDDYFDLEPADFVLLDMWANMLESSDFDDME,0
GLLNTFKDWAISIAKGAGKGVLTTLSCKLDKSC,0
FLGGLMKAFPAIICAVTKKC,1
ASIVKTTIKASKKLCRGFTLTCGCHFTGKK,1
SDCNINSNTAADVILCFNQVGSCALCSPTLVGGPVP,0
GTTVVNSTFSIVLGNKGYICTVTVECMRNCSK,0
ACYCRIPACFAGERRYGTCFYLGRVWAFCC,1
KWKSFIKKLTSKFLHSADKF,0
GFCRCLCRRGVCRCICTR,1
FLPAVLRVAAKIVPTVFCAISKKC,1
KIAKVALAKLGIGAVLKVLTTGL,1
ESEFDRQEYEECKRQCMQLETSGQMRRCVSQCDKRFEEDIDWSKYDNQD,1
GRCVCRKQLLCSYRERRIGDCKIRGVRFPFCCPR,0
SDYSRKRDPPQKYEEE,0
FVLPLVMCKILRKC,1
DCKHPVGPYTDSCFTDCVSGKYGYNYESAFCSRDETGTCKICCCELINE,0
GIVDFAKGVLGKIKNVLGI,0
GLLDTIKNMALNAAKSAGVSVLNTLSCKLSKTC,0
AANFGPSVFTPEVHETWQKFLNVVVAALGKQYH,1
DCYCRIPACIAGERRYGTCIYQGRLWAFCC,1
GLISGILGVGKKLVCGLSGLC,0
KRLRRVWRRWR,1
FVPYNPPRPYQSKPFPSFPGHGPFNPKIQWPYPLPNPGH,1
PRFWEAWLRLME,1
GLFVGLAKVAAHNNPAIAEHFQA,1
LKWLKKWLK,0
ILPFVAGVAAMEMEHVYCAASKKC,0
SNDSLWYGVGQFMGKQANCITNHPVKHMIIPGYCLSKILG,0
KINWGSVGGSCVGGAVIGGALGGLGGAGGGCLTGAIGSIWDQW,0
LGWGRRCPQCPRCPSCPSCPRCPRCPRCKCNPK,0
VFIDILDKMENAIHKAAQAGIGLAKPIENMILPK,0
GRKKRRQRRR,1
FAKIIAKIAKKI,1
GGYYCPFFQDKCHRHCRSFGRKAGYCGGFLKKTCICV,0
RWRWRW,0
IFGAIAGLLKNIF,0
FAKKLAKLAKKALAL,1
ATKVKAKQRGKEKVSSGRPGQHN,0
GLFKVLGSVAKHLLPHVAPVIAEK,1
CAAGTACTCAGTGTGGA,1
GLLDVVKGAAKNLLASALDKLKCKVTGC,0
DHYNCVSSGGQCLYSACPIFTKIQGTCYRGKAKCCK,1
YQWQRRMRKL,0
SAVGRHGRRFGLRKHRKH,0
ASSGWVCTLTIECGTVICACR,0
RTCASQSQRFKGKCVSDTNCENVCHNEGFPGGDCRGFRRRCFCTRNC,0
VTCDLLSFEAKGFAANHSICAAHCLVIGRKGGACQNGVCVCRN,0
GFLGPLLKLAAKGVAKVIPHLIPSRQQ,1
VNWKKILKKIIKVVK,1
GIPCGESCVYIPCLTSAIGCSCKSKVCYRN,0
TILLEIKNINAD,1
GLVASIGRALGGLLADVVKSKEQPA,0
RIIDLLWRVRRPQKPKFVTVWVR,0
FAKLLAKALKLKL,1
QPFSLERW,0
GFSSIFRGVAKFASKGLGKDLARLGVNLVACKISKQC,0
GLFSVLGAVAKHVLPHVVPVIAEK,1
TGVAWRIT,0
SLFSLIKAGAKFLGKNLLKQGACYAACKASKQC,0
ELCEKASKTWSGNCGNTGHCDNQCKSWEGAAHGACHVRNGKHMCFCYFNC,1
GVIAAAKKVVNVLKNLF,0
GFKDLLKGAAKALVKTVLF,1
GKWKSLLKHILK,1
FAKKLAKKLKKLAKKLAKLALAL,1
KTKLFKKFAKKLAKKLKKLAKKL,1
FAKLLALALKLKL,1
GINSLSSEMHKKCYKNGICRLECYESEMLVAYCMFQLECCVKGNPAP,0
ILFSYLLFYVLKENSKREDKYQNIIEELTELLPKIKEDVEDIKEKLNK,0
FAFAKIIAKIAKKII,1
VAKKLAKLAKKLLAL,1
AYPGNGVHCGKYSCTVDKQTAIGNIGNNAA,1
WLRRIGKGVKIIGGAALDHL,0
ASVVKTTIKASKKLCKGATLTCGCNITGKK,0
GCASRCKAKCAGRRCKGWASASFRGRCYCKCFRC,1
DHYNCVKGGGQCLYSACPIYTKVQGTCYGGKAKCCK,0
FALKALKKAL,1
QRFIHPTYRPPPQPRRPVIMRA,0
GILDTLKNLAKTAGKGALQGLVKMASCKLSGQC,0
SFLTTVKKLVTNVAALAGTVIDTIKCKITGGCRT,0
GIMDTVKNAAKDLAGQLLDKLKCRITGC,0
GIPCAESCVWIPCTVTALVGCSCSDKVCYN,1
GIPCGESCVFIPCITGAIGCSCKSKVCYRN,1
RYPAGLPFL,1
ALWKNMLKGIGKLAGQAALGAVKTLVGA,1
FLGALFHALSKLL,1
VFGTLGSTDDSLFGRYKQDIFNDHRGHLQGQAYGSR,0
FAKLLAKLAKAKL,1
GFLDTLKNMALNAAKGAGGSVLKALFCKLFKTC,0
AALKGCWTKSIPPKPCFGKR,1
AHDGNPLEECFREDDEEFFLEIAKNGLTATSNPKRVVIV,0
FLGSLLGLVGKIVPTLICKISKKC,0
FLPLLAGLAANFLPKIFCKITKKC,0
GNGVIKTISHECHMNTWQFIFTCCS,0
FKLAFKLAKKAFL,1
LLGDFFRKAKEKIGKEFKRIVQR,0
FLSAITSLLGKLL,1
KAFWGLQH,1
GIFNVFKGALKTAGKHVAGSLLNQLKCKVSGEC,0
GLMDMVKGAAKNLFASALDTLKCKITGC,0
LLKLLKWLLKLLK,0
GFKDWIKGAAKKLIKTVAANIANQ,0
ESEFDRQEYEECKRQCMQLETSGQMRRCVSQCDKRFEEDIDWSKYDNQE,0
FISAIASFLGKFL,1
RLSRIVVIRVCR,0
